id,username,email,created_at
1,quietpioneer19,quietpioneer19@acme.dev,2025-05-08 20:45:24
2,tidyuplink30,tidyuplink30@opswise.net,2025-07-07 12:15:05
3,opalcanyon90,opalcanyon90@seeded.app,2025-04-12 06:42:26
4,keenfield17,keenfield17@example.com,2024-12-20 19:31:58
5,goldyard48,goldyard48@relay.cloud,2025-10-20 21:26:40
6,cleargarden55,cleargarden55@relay.cloud,2025-03-11 09:21:54
7,quietpioneer43,quietpioneer43@acme.dev,2024-07-30 05:17:18
8,forestyard26,forestyard26@opswise.net,2025-01-06 10:15:32
9,urbansignal71,urbansignal71@opswise.net,2025-02-15 15:14:58
10,cleartrail47,cleartrail47@relay.cloud,2024-06-09 04:28:06
11,urbanwindow97,urbanwindow97@seeded.app,2025-05-28 12:34:56
12,forestsignal07,forestsignal07@opswise.net,2025-06-05 23:35:24
13,jadelagoon62,jadelagoon62@hackstack.io,2025-10-18 18:17:17
14,younggarden66,younggarden66@acme.dev,2026-01-23 19:54:59
15,amberengine67,amberengine67@hackstack.io,2025-10-29 18:01:57
16,cobaltriver38,cobaltriver38@opswise.net,2024-05-19 06:08:52
17,prouduplink69,prouduplink69@opswise.net,2024-04-23 06:36:33
18,warmjourney71,warmjourney71@relay.cloud,2024-04-30 14:34:33
19,cobaltcanyon19,cobaltcanyon19@example.com,2024-10-11 01:51:58
20,youngbeacon66,youngbeacon66@seeded.app,2025-11-15 08:58:08
21,harbororbit34,harbororbit34@acme.dev,2024-07-21 00:58:08
22,quietfield64,quietfield64@acme.dev,2025-12-31 07:34:17
23,warmriver06,warmriver06@example.com,2026-01-27 21:25:49
24,livelybeacon35,livelybeacon35@opswise.net,2025-09-23 05:21:49
25,dawnlagoon15,dawnlagoon15@seeded.app,2025-01-09 23:02:49
26,goldyard34,goldyard34@seeded.app,2025-02-26 11:07:56
27,tidyuplink01,tidyuplink01@opswise.net,2024-08-16 11:40:07
28,briskpioneer87,briskpioneer87@relay.cloud,2025-02-07 04:49:25
29,quietnetwork36,quietnetwork36@seeded.app,2025-02-24 01:24:19
30,youngjourney32,youngjourney32@hackstack.io,2024-11-25 04:14:14
31,warmnetwork37,warmnetwork37@opswise.net,2024-04-21 23:41:36
32,youngkernel49,youngkernel49@relay.cloud,2026-01-26 22:28:49
33,rapiddelta12,rapiddelta12@seeded.app,2026-01-26 01:10:55
34,ivoryzenith66,ivoryzenith66@seeded.app,2024-02-05 11:35:18
35,vividnetwork79,vividnetwork79@hackstack.io,2025-06-10 09:34:27 
36,ivorygarden94,ivorygarden94@hackstack.io,2025-07-28 01:37:40
37,cobaltanchor01,cobaltanchor01@relay.cloud,2024-10-08 16:03:19
38,urbanyard49,urbanyard49@example.com,2025-10-22 08:02:07
39,vividgarden36,vividgarden36@hackstack.io,2024-08-20 21:05:39
40,quietgarden77,quietgarden77@opswise.net,2024-09-04 13:17:04
41,silverriver53,silverriver53@opswise.net,2025-10-16 06:28:44
42,dawnnetwork12,dawnnetwork12@opswise.net,2025-04-18 20:26:18
43,mellowpioneer42,mellowpioneer42@seeded.app,2025-10-30 20:45:21
44,youngnetwork40,youngnetwork40@acme.dev,2025-04-25 19:27:56
45,livelyisland77,livelyisland77@relay.cloud,2025-04-19 17:14:57
46,mellowengine62,mellowengine62@acme.dev,2024-04-23 23:48:53
47,livelycanyon90,livelycanyon90@hackstack.io,2024-10-31 18:12:16
48,harborfield38,harborfield38@hackstack.io,2025-04-05 14:11:24
49,calmkernel74,calmkernel74@opswise.net,2025-11-20 09:20:10
50,briskuplink78,briskuplink78@seeded.app,2025-07-05 10:49:01
51,ivoryzenith60,ivoryzenith60@opswise.net,2024-12-23 07:30:07
52,youngkernel12,youngkernel12@hackstack.io,2024-01-02 21:35:03
53,proudfield08,proudfield08@opswise.net,2025-01-21 14:53:09
54,quietnetwork31,quietnetwork31@relay.cloud,2024-04-22 19:38:46
55,keencanyon41,keencanyon41@example.com,2025-07-02 13:06:08
56,youngdelta66,youngdelta66@seeded.app,2025-03-22 14:31:38
57,forestengine48,forestengine48@example.com,2024-05-29 10:11:49
58,vividnetwork43,vividnetwork43@hackstack.io,2025-01-29 18:43:52
59,cobaltlagoon29,cobaltlagoon29@relay.cloud,2025-09-13 01:01:40
60,proudbeacon34,proudbeacon34@opswise.net,2025-09-13 01:19:54
61,livelysignal39,livelysignal39@acme.dev,2025-04-02 03:10:47
62,opalanchor07,opalanchor07@hackstack.io,2025-12-01 23:20:19
63,mellowlagoon13,mellowlagoon13@acme.dev,2025-09-02 22:49:30
64,forestbeacon25,forestbeacon25@relay.cloud,2024-02-04 19:03:59
65,silverquartz86,silverquartz86@example.com,2026-01-29 03:48:05
66,vividbeacon06,vividbeacon06@example.com,2025-05-21 12:34:22
67,quietorbit17,quietorbit17@hackstack.io,2025-03-03 14:01:05
68,calmriver34,calmriver34@opswise.net,2024-09-25 03:34:13
69,harbororbit24,harbororbit24@opswise.net,2024-12-25 05:38:01
70,urbanjourney00,urbanjourney00@relay.cloud,2025-12-20 07:44:28
71,quietorbit37,quietorbit37@opswise.net,2024-06-06 12:07:16
72,cleardelta29,cleardelta29@relay.cloud,2025-09-10 04:48:55
73,calmkernel36,calmkernel36@hackstack.io,2025-09-18 17:25:44
74,amberengine26,amberengine26@relay.cloud,2025-05-15 09:07:57
75,silverpioneer07,silverpioneer07@seeded.app,2024-12-11 21:02:21
76,goldriver54,goldriver54@hackstack.io,2025-01-23 05:13:19
77,proudengine69,proudengine69@hackstack.io,2025-02-15 09:02:29
78,proudquartz44,proudquartz44@opswise.net,2025-07-21 15:59:47
79,briskdelta43,briskdelta43@acme.dev,2025-04-10 21:40:18
80,jadeorbit57,jadeorbit57@seeded.app,2024-11-27 02:31:56
81,warmmeadow14,warmmeadow14@opswise.net,2024-08-12 18:56:54
82,opalquartz85,opalquartz85@example.com,2026-01-24 14:42:49
83,vividuplink35,vividuplink35@opswise.net,2024-11-02 04:03:10
84,rapidanchor55,rapidanchor55@opswise.net,2024-07-25 22:10:59
85,opalharvest38,opalharvest38@acme.dev,2024-02-24 05:59:31
86,youngkernel10,youngkernel10@seeded.app,2025-06-20 11:37:49
87,clearkernel99,clearkernel99@hackstack.io,2025-03-10 18:27:13
88,youngdelta31,youngdelta31@opswise.net,2025-06-26 03:01:01
89,tidyriver95,tidyriver95@opswise.net,2024-05-03 23:11:53
90,cobaltsignal97,cobaltsignal97@hackstack.io,2024-09-06 23:27:06
91,rapiddelta41,rapiddelta41@relay.cloud,2024-12-24 16:35:43
92,opalanchor73,opalanchor73@acme.dev,2024-07-06 18:44:28
93,urbancanyon38,urbancanyon38@acme.dev,2025-02-24 08:12:41
94,cobaltanchor83,cobaltanchor83@hackstack.io,2024-07-07 00:54:04
95,forestharvest47,forestharvest47@example.com,2025-03-20 09:25:11
96,harboryard55,harboryard55@relay.cloud,2024-08-19 02:10:44
97,warmuplink58,warmuplink58@acme.dev,2026-01-27 05:09:44
98,opalisland21,opalisland21@acme.dev,2025-08-22 02:13:05
99,vividcanyon57,vividcanyon57@hackstack.io,2024-04-30 22:05:59
100,urbanmeadow52,urbanmeadow52@seeded.app,2024-07-30 14:49:12
101,ivorytrail77,ivorytrail77@opswise.net,2025-11-19 07:38:16
102,cobaltcanyon22,cobaltcanyon22@acme.dev,2024-02-18 08:02:56
103,navyriver98,navyriver98@example.com,2024-10-25 12:56:21
104,silverlagoon06,silverlagoon06@relay.cloud,2024-11-19 21:30:05
105,opalpioneer38,opalpioneer38@seeded.app,2025-08-21 11:12:37
106,navyvalley12,navyvalley12@opswise.net,2025-12-24 19:11:10
107,opalquartz98,opalquartz98@relay.cloud,2024-05-15 20:50:38
108,golddelta56,golddelta56@opswise.net,2025-08-14 16:10:41
109,rapidzenith28,rapidzenith28@seeded.app,2024-10-07 21:43:37
110,proudanchor31,proudanchor31@hackstack.io,2025-09-09 08:26:11
111,dawnkernel17,dawnkernel17@example.com,2024-12-11 04:51:44
112,emberuplink23,emberuplink23@seeded.app,2024-08-22 05:30:36
113,embersignal24,embersignal24@relay.cloud,2024-07-17 13:18:01
114,harboryard54,harboryard54@acme.dev,2025-02-04 22:42:17
115,ambertrail84,ambertrail84@acme.dev,2024-12-11 05:21:32
116,emberorbit99,emberorbit99@relay.cloud,2024-12-20 03:15:17
117,silverorbit18,silverorbit18@relay.cloud,2024-09-15 05:29:36
118,dawnisland74,dawnisland74@example.com,2024-03-29 12:19:22
119,silverlagoon63,silverlagoon63@hackstack.io,2025-01-25 07:52:03
120,ambernetwork69,ambernetwork69@relay.cloud,2025-08-19 00:14:54
121,vividorbit88,vividorbit88@hackstack.io,2024-08-13 12:46:36
122,calmorbit87,calmorbit87@acme.dev,2025-10-24 17:21:53
123,jadejourney33,jadejourney33@relay.cloud,2024-11-07 18:54:50
124,forestwindow52,forestwindow52@example.com,2024-05-20 21:16:07
125,navyzenith24,navyzenith24@hackstack.io,2024-09-19 15:38:40
126,warmwindow53,warmwindow53@seeded.app,2025-08-28 11:40:42
127,brisksignal63,brisksignal63@opswise.net,2024-02-29 13:09:26
128,mellowvalley87,mellowvalley87@seeded.app,2025-12-29 17:14:01
129,jadeorbit27,jadeorbit27@seeded.app,2024-02-27 19:30:14
130,quietsignal57,quietsignal57@example.com,2025-10-20 05:57:48
131,vividriver51,vividriver51@acme.dev,2025-12-28 08:01:10
132,silversignal85,silversignal85@relay.cloud,2024-12-30 12:04:21
133,proudfield42,proudfield42@relay.cloud,2024-04-09 07:24:09
134,dawnquartz81,dawnquartz81@relay.cloud,2024-03-22 08:49:59
135,dawnzenith37,dawnzenith37@opswise.net,2024-08-07 01:04:15
136,youngengine86,youngengine86@hackstack.io,2026-01-15 20:30:30
137,navymeadow72,navymeadow72@relay.cloud,2025-01-02 02:09:39
138,proudquartz57,proudquartz57@opswise.net,2024-04-30 14:30:01
139,calmorbit85,calmorbit85@acme.dev,2024-05-19 10:26:48
140,vividengine34,vividengine34@example.com,2025-11-08 09:27:02
141,navyzenith63,navyzenith63@seeded.app,2025-04-03 20:36:22
142,cobaltwindow19,cobaltwindow19@acme.dev,2025-06-05 00:33:51
143,youngfield85,youngfield85@seeded.app,2026-01-07 11:44:34
144,briskanchor94,briskanchor94@hackstack.io,2024-03-13 17:56:46
145,harborengine27,harborengine27@relay.cloud,2024-02-28 20:08:27
146,youngbeacon64,youngbeacon64@seeded.app,2024-04-26 15:18:07
147,navycanyon74,navycanyon74@seeded.app,2024-06-07 06:27:37
148,navypioneer09,navypioneer09@relay.cloud,2024-11-07 00:18:45
149,dawnuplink57,dawnuplink57@relay.cloud,2025-06-28 17:53:27
150,goldpioneer52,goldpioneer52@hackstack.io,2024-05-08 12:02:31
151,vividisland35,vividisland35@opswise.net,2024-08-15 10:01:06
152,youngcanyon77,youngcanyon77@hackstack.io,2025-07-02 08:10:19
153,rapidbeacon75,rapidbeacon75@seeded.app,2025-04-05 00:23:14
154,amberdelta96,amberdelta96@example.com,2024-03-01 22:35:56
155,cobaltharvest53,cobaltharvest53@relay.cloud,2025-11-27 21:36:22
156,jadejourney83,jadejourney83@seeded.app,2025-07-26 09:44:38
157,silverwindow72,silverwindow72@seeded.app,2025-03-06 13:25:37
158,forestvalley63,forestvalley63@relay.cloud,2024-08-08 19:31:11
159,calmnetwork58,calmnetwork58@seeded.app,2025-07-21 05:28:17
160,opalcanyon32,opalcanyon32@hackstack.io,2025-06-12 07:35:24
161,goldbeacon67,goldbeacon67@example.com,2025-05-02 03:48:16
162,mellowvalley14,mellowvalley14@acme.dev,2025-01-26 04:49:43
163,mellowvalley12,mellowvalley12@example.com,2025-09-15 08:02:34
164,briskzenith89,briskzenith89@seeded.app,2024-10-22 13:20:25
165,opalgarden95,opalgarden95@opswise.net,2025-12-30 10:06:08
166,youngyard05,youngyard05@seeded.app,2025-01-23 13:21:13
167,rapidpioneer12,rapidpioneer12@relay.cloud,2025-01-24 06:08:46
168,quietnetwork40,quietnetwork40@hackstack.io,2024-08-01 21:52:04
169,quietjourney94,quietjourney94@seeded.app,2024-01-30 11:43:56
170,amberdelta10,amberdelta10@hackstack.io,2024-04-02 10:00:56
171,urbancanyon68,urbancanyon68@acme.dev,2024-04-29 01:05:56
172,briskzenith84,briskzenith84@relay.cloud,2025-09-08 10:47:18
173,warmsignal08,warmsignal08@acme.dev,2024-06-18 01:39:54
174,harbormeadow42,harbormeadow42@acme.dev,2025-02-07 19:05:26
175,melloworbit85,melloworbit85@relay.cloud,2025-10-05 04:08:53
176,mellownetwork18,mellownetwork18@opswise.net,2025-03-03 11:56:27
177,tidyuplink25,tidyuplink25@opswise.net,2024-11-24 07:45:02
178,silvertrail33,silvertrail33@hackstack.io,2025-09-15 03:11:17
179,opalnetwork55,opalnetwork55@relay.cloud,2025-01-23 00:34:00
180,goldbeacon03,goldbeacon03@opswise.net,2024-02-23 18:45:35
181,livelyharvest59,livelyharvest59@relay.cloud,2024-01-07 19:41:31
182,amberanchor45,amberanchor45@seeded.app,2024-01-06 16:12:54
183,rapidnetwork13,rapidnetwork13@seeded.app,2024-11-02 20:26:33
184,vividuplink33,vividuplink33@acme.dev,2025-09-17 07:12:01
185,calmorbit08,calmorbit08@hackstack.io,2024-09-01 06:21:17
186,navywindow58,navywindow58@seeded.app,2024-03-01 17:04:01
187,youngkernel62,youngkernel62@relay.cloud,2025-06-22 15:32:17
188,livelycanyon83,livelycanyon83@opswise.net,2025-08-23 18:05:56
189,tidyriver52,tidyriver52@seeded.app,2024-11-14 12:19:37
190,amberpioneer00,amberpioneer00@acme.dev,2025-02-28 22:17:30
191,brisksignal45,brisksignal45@seeded.app,2024-11-11 12:43:38
192,warmjourney00,warmjourney00@seeded.app,2024-10-11 14:36:26
193,forestriver85,forestriver85@opswise.net,2024-08-08 19:26:30
194,livelytrail92,livelytrail92@seeded.app,2024-07-10 00:57:29
195,warmpioneer88,warmpioneer88@opswise.net,2025-12-07 02:39:31
196,harborisland43,harborisland43@acme.dev,2026-01-04 06:12:26
197,keenengine20,keenengine20@relay.cloud,2025-11-03 03:12:11
198,tidyriver91,tidyriver91@seeded.app,2025-10-05 09:23:50
199,clearyard10,clearyard10@example.com,2024-05-13 06:14:06
200,clearjourney10,clearjourney10@acme.dev,2024-03-21 06:08:37
201,harbornetwork96,harbornetwork96@seeded.app,2024-07-22 04:37:05
202,forestanchor82,forestanchor82@opswise.net,2024-02-12 22:16:25
203,emberkernel96,emberkernel96@seeded.app,2026-01-06 07:20:20
204,harborsignal46,harborsignal46@relay.cloud,2024-03-24 21:24:49
205,rapidyard07,rapidyard07@relay.cloud,2025-11-29 14:47:32
206,urbanorbit74,urbanorbit74@opswise.net,2025-06-05 09:11:28
207,harborwindow17,harborwindow17@opswise.net,2024-08-01 03:50:07
208,urbankernel75,urbankernel75@acme.dev,2025-06-04 16:02:29
209,calmlagoon89,calmlagoon89@relay.cloud,2025-06-10 05:08:49
210,calmfield06,calmfield06@opswise.net,2024-02-26 06:53:51
211,youngpioneer78,youngpioneer78@hackstack.io,2025-12-13 09:38:12
212,warmcanyon60,warmcanyon60@hackstack.io,2024-03-14 08:27:52
213,jadesignal66,jadesignal66@opswise.net,2024-06-23 19:44:19
214,jadesignal16,jadesignal16@acme.dev,2024-07-26 04:06:41
215,mellowjourney16,mellowjourney16@opswise.net,2025-06-21 22:03:34
216,tidypioneer55,tidypioneer55@relay.cloud,2025-11-18 22:00:20
217,briskgarden03,briskgarden03@example.com,2024-06-27 12:06:54
218,harborengine29,harborengine29@seeded.app,2024-06-29 05:51:05
219,cobaltanchor12,cobaltanchor12@seeded.app,2024-06-29 20:45:40
220,briskdelta06,briskdelta06@opswise.net,2024-02-08 00:46:39
221,youngzenith40,youngzenith40@example.com,2025-09-27 16:07:37
222,embertrail93,embertrail93@relay.cloud,2024-03-02 00:14:05
223,mellowuplink50,mellowuplink50@example.com,2025-07-30 23:14:06
224,keenkernel45,keenkernel45@seeded.app,2025-02-23 03:38:33
225,livelyriver71,livelyriver71@example.com,2024-08-09 12:21:19
226,navysignal43,navysignal43@relay.cloud,2025-06-17 09:33:19
227,emberwindow57,emberwindow57@seeded.app,2024-08-04 06:50:13
228,opalnetwork59,opalnetwork59@opswise.net,2024-02-04 16:24:26
229,navyanchor28,navyanchor28@example.com,2025-04-19 20:18:22
230,urbananchor66,urbananchor66@seeded.app,2024-10-04 00:29:48
231,jadeanchor59,jadeanchor59@example.com,2024-08-05 04:01:53
232,rapiduplink18,rapiduplink18@hackstack.io,2025-11-06 02:33:03
233,emberanchor11,emberanchor11@seeded.app,2025-06-14 18:50:57
234,jadeisland97,jadeisland97@hackstack.io,2025-07-31 00:20:20
235,opalmeadow70,opalmeadow70@example.com,2025-07-29 12:28:59
236,goldsignal54,goldsignal54@relay.cloud,2024-05-27 16:12:23
237,vividisland25,vividisland25@seeded.app,2025-11-24 04:14:27
238,harborgarden41,harborgarden41@example.com,2024-08-14 19:58:10
239,amberriver29,amberriver29@hackstack.io,2025-03-25 01:35:02
240,jadequartz19,jadequartz19@hackstack.io,2025-03-21 21:54:43
241,vividzenith08,vividzenith08@relay.cloud,2024-10-19 10:53:30
242,vividuplink31,vividuplink31@relay.cloud,2025-09-20 01:10:05
243,calmwindow16,calmwindow16@example.com,2024-07-14 19:17:16
244,rapidjourney69,rapidjourney69@opswise.net,2024-04-07 10:04:38
245,vividtrail72,vividtrail72@acme.dev,2024-05-08 16:11:14
246,rapidpioneer44,rapidpioneer44@acme.dev,2024-04-28 07:32:11
247,vividsignal46,vividsignal46@example.com,2025-07-17 12:40:33
248,calmbeacon60,calmbeacon60@example.com,2025-08-19 21:07:24
249,vividmeadow45,vividmeadow45@example.com,2025-03-08 22:40:47
250,jadekernel63,jadekernel63@seeded.app,2024-10-03 08:28:49
251,quietquartz54,quietquartz54@opswise.net,2024-02-20 10:44:51
252,goldcanyon76,goldcanyon76@example.com,2025-10-12 02:37:03
253,navykernel15,navykernel15@opswise.net,2026-01-12 23:40:02
254,youngsignal46,youngsignal46@example.com,2024-05-30 15:28:46
255,silverharvest01,silverharvest01@relay.cloud,2024-07-14 20:52:30
256,ivorykernel10,ivorykernel10@seeded.app,2024-03-27 09:33:45
257,livelysignal64,livelysignal64@opswise.net,2024-05-29 10:06:26
258,keennetwork33,keennetwork33@seeded.app,2025-03-26 14:00:44
259,clearwindow49,clearwindow49@hackstack.io,2025-12-23 05:02:27
260,amberkernel71,amberkernel71@opswise.net,2025-09-14 20:11:26
261,opalcanyon16,opalcanyon16@relay.cloud,2025-09-30 07:47:31
262,keenisland36,keenisland36@relay.cloud,2025-11-05 20:31:22
263,harboruplink28,harboruplink28@hackstack.io,2025-12-13 05:45:24
264,cobaltsignal75,cobaltsignal75@seeded.app,2025-08-08 23:52:32
265,harborbeacon30,harborbeacon30@seeded.app,2024-06-12 05:19:27
266,urbanlagoon17,urbanlagoon17@acme.dev,2024-12-10 03:07:55
267,mellowmeadow75,mellowmeadow75@acme.dev,2025-01-04 14:28:21
268,amberisland92,amberisland92@hackstack.io,2025-02-25 00:59:42
269,youngbeacon45,youngbeacon45@acme.dev,2024-05-24 02:11:00
270,calmpioneer83,calmpioneer83@example.com,2024-01-30 10:13:19
271,emberbeacon77,emberbeacon77@acme.dev,2025-06-07 21:32:27
272,clearriver43,clearriver43@opswise.net,2024-10-26 23:53:43
273,rapidcanyon94,rapidcanyon94@seeded.app,2025-03-17 06:48:09
274,quietcanyon91,quietcanyon91@hackstack.io,2024-03-04 02:13:57
275,forestbeacon22,forestbeacon22@opswise.net,2025-05-28 18:24:32
276,opaldelta10,opaldelta10@hackstack.io,2024-11-21 10:25:49
277,harborzenith94,harborzenith94@relay.cloud,2024-10-13 08:54:34
278,opalmeadow03,opalmeadow03@seeded.app,2024-05-26 14:36:32
279,emberwindow10,emberwindow10@seeded.app,2024-07-07 03:57:27
280,calmcanyon93,calmcanyon93@example.com,2024-03-12 23:01:49
281,tidygarden30,tidygarden30@acme.dev,2024-08-21 05:44:48
282,navyquartz44,navyquartz44@relay.cloud,2026-01-20 08:13:45
283,urbanriver03,urbanriver03@seeded.app,2025-05-02 16:53:57
284,emberanchor17,emberanchor17@seeded.app,2025-04-14 12:14:53
285,proudcanyon58,proudcanyon58@seeded.app,2024-05-28 15:58:40
286,mellowzenith35,mellowzenith35@acme.dev,2024-03-13 01:04:15
287,opallagoon11,opallagoon11@example.com,2025-05-07 01:23:02
288,rapidvalley55,rapidvalley55@acme.dev,2024-05-14 15:48:44
289,navyriver34,navyriver34@relay.cloud,2025-07-15 10:41:52
290,clearzenith40,clearzenith40@acme.dev,2024-07-08 09:12:32
291,emberengine92,emberengine92@opswise.net,2025-11-14 18:23:51
292,forestisland38,forestisland38@opswise.net,2024-09-19 17:05:41
293,cobaltmeadow51,cobaltmeadow51@acme.dev,2025-10-07 04:00:06
294,urbankernel04,urbankernel04@example.com,2024-05-16 11:39:39
295,calmwindow52,calmwindow52@opswise.net,2025-02-09 22:01:15
296,quietwindow53,quietwindow53@relay.cloud,2026-01-21 16:09:29
297,emberyard76,emberyard76@relay.cloud,2025-04-01 03:58:25
298,dawnanchor82,dawnanchor82@opswise.net,2025-12-19 01:16:39
299,quietdelta23,quietdelta23@seeded.app,2026-01-16 21:59:53
300,navyjourney07,navyjourney07@seeded.app,2024-06-13 05:48:04
301,calmpioneer59,calmpioneer59@acme.dev,2025-07-30 15:43:41
302,tidybeacon59,tidybeacon59@acme.dev,2024-08-07 04:46:04
303,vividkernel58,vividkernel58@relay.cloud,2025-08-16 15:06:36
304,keennetwork95,keennetwork95@acme.dev,2025-06-10 20:01:52
305,urbanengine87,urbanengine87@hackstack.io,2024-04-13 04:41:58
306,clearharvest73,clearharvest73@opswise.net,2024-11-16 15:07:53
307,opalorbit91,opalorbit91@acme.dev,2024-11-18 13:45:08
308,forestengine04,forestengine04@seeded.app,2025-12-20 03:44:02
309,jadenetwork09,jadenetwork09@hackstack.io,2024-05-18 22:07:29
310,silverzenith32,silverzenith32@acme.dev,2025-07-11 00:18:06
311,tidyisland63,tidyisland63@opswise.net,2024-12-17 19:16:00
312,navyharvest61,navyharvest61@example.com,2024-02-24 10:39:04
313,keenharvest76,keenharvest76@opswise.net,2024-06-17 06:38:35
314,emberzenith88,emberzenith88@seeded.app,2024-04-16 15:46:23
315,rapidgarden77,rapidgarden77@example.com,2024-02-05 02:34:09
316,livelyengine70,livelyengine70@opswise.net,2024-05-10 00:28:25
317,ambertrail38,ambertrail38@relay.cloud,2024-06-29 00:46:57
318,vividcanyon99,vividcanyon99@acme.dev,2024-12-17 00:20:30
319,opalzenith27,opalzenith27@relay.cloud,2024-06-21 05:51:24
320,forestkernel62,forestkernel62@example.com,2025-01-11 08:01:32
321,ivorycanyon54,ivorycanyon54@acme.dev,2024-10-26 22:21:36
322,proudnetwork17,proudnetwork17@seeded.app,2024-11-16 05:24:24
323,vividanchor97,vividanchor97@opswise.net,2024-07-18 14:22:04
324,mellowzenith04,mellowzenith04@opswise.net,2025-10-10 06:37:18
325,calmnetwork03,calmnetwork03@example.com,2025-08-23 10:44:28
326,opalzenith40,opalzenith40@relay.cloud,2026-01-05 15:42:16
327,quietnetwork41,quietnetwork41@seeded.app,2025-04-18 19:27:55
328,briskgarden70,briskgarden70@hackstack.io,2024-03-10 05:00:37
329,urbanisland16,urbanisland16@seeded.app,2024-01-09 04:12:20
330,navydelta50,navydelta50@seeded.app,2024-12-25 09:54:18
331,mellowengine80,mellowengine80@hackstack.io,2025-11-23 05:15:45
332,emberpioneer54,emberpioneer54@relay.cloud,2024-02-07 15:55:15
333,goldfield02,goldfield02@seeded.app,2024-10-27 03:31:58
334,amberuplink53,amberuplink53@example.com,2024-07-24 06:44:13
335,ambersignal21,ambersignal21@seeded.app,2025-08-20 09:47:03
336,dawnisland22,dawnisland22@relay.cloud,2025-12-26 09:33:11
337,proudengine24,proudengine24@hackstack.io,2024-12-02 03:17:17
338,briskriver10,briskriver10@example.com,2025-01-20 04:20:49
339,livelytrail59,livelytrail59@relay.cloud,2025-03-27 00:33:59
340,keenkernel24,keenkernel24@acme.dev,2025-11-26 05:49:18
341,livelykernel78,livelykernel78@relay.cloud,2024-08-17 10:28:09
342,quietkernel76,quietkernel76@hackstack.io,2025-12-11 11:23:10
343,goldnetwork15,goldnetwork15@acme.dev,2024-07-08 14:16:59
344,opalgarden90,opalgarden90@opswise.net,2025-04-12 17:10:18
345,amberpioneer98,amberpioneer98@relay.cloud,2024-08-10 20:53:40
346,amberharvest63,amberharvest63@hackstack.io,2024-07-25 02:19:38
347,mellowmeadow83,mellowmeadow83@opswise.net,2025-07-29 23:51:21
348,cobaltharvest94,cobaltharvest94@relay.cloud,2025-11-22 04:27:31
349,ivoryisland53,ivoryisland53@relay.cloud,2025-10-19 06:18:21
350,rapidyard96,rapidyard96@relay.cloud,2024-05-17 06:43:35
351,proudtrail69,proudtrail69@example.com,2025-12-22 02:28:01
352,briskquartz62,briskquartz62@acme.dev,2024-11-28 19:37:21
353,ivoryengine98,ivoryengine98@seeded.app,2024-03-23 06:30:36
354,livelylagoon97,livelylagoon97@acme.dev,2025-05-19 11:58:37
355,youngharvest91,youngharvest91@example.com,2025-05-05 13:18:36
356,opaldelta49,opaldelta49@relay.cloud,2024-12-30 23:48:30
357,jadecanyon01,jadecanyon01@example.com,2025-08-08 02:34:26
358,cobaltquartz68,cobaltquartz68@acme.dev,2025-03-21 18:28:07
359,jadeorbit50,jadeorbit50@relay.cloud,2025-03-20 09:31:03
360,urbanyard61,urbanyard61@opswise.net,2024-03-14 15:40:40
361,navyengine04,navyengine04@seeded.app,2024-02-28 10:46:28
362,silverquartz47,silverquartz47@acme.dev,2026-01-13 06:28:55
363,jadeharvest33,jadeharvest33@relay.cloud,2024-03-15 04:16:31
364,ivoryuplink20,ivoryuplink20@seeded.app,2024-03-15 04:57:18
365,rapidpioneer52,rapidpioneer52@opswise.net,2024-12-04 22:34:49
366,vividuplink86,vividuplink86@seeded.app,2024-05-04 22:53:58
367,opalanchor81,opalanchor81@seeded.app,2024-11-17 18:28:04
368,livelyengine23,livelyengine23@example.com,2024-07-20 06:21:49
369,mellowjourney11,mellowjourney11@example.com,2025-01-27 10:52:31
370,urbanfield40,urbanfield40@example.com,2025-04-24 17:04:57
371,livelyzenith11,livelyzenith11@acme.dev,2025-11-27 19:05:40
372,forestbeacon24,forestbeacon24@acme.dev,2025-04-27 03:06:33
373,warmwindow94,warmwindow94@seeded.app,2024-12-11 06:36:35
374,amberengine92,amberengine92@hackstack.io,2025-02-11 02:57:17
375,tidymeadow16,tidymeadow16@example.com,2025-09-12 23:05:06
376,harborsignal63,harborsignal63@relay.cloud,2025-11-30 07:02:23
377,warmuplink47,warmuplink47@example.com,2024-02-17 16:12:32
378,livelyjourney49,livelyjourney49@opswise.net,2025-12-10 03:37:22
379,opalcanyon87,opalcanyon87@acme.dev,2024-06-18 13:04:33
380,calmmeadow36,calmmeadow36@acme.dev,2025-12-31 01:02:13
381,ivoryengine94,ivoryengine94@example.com,2026-01-19 21:49:15
382,mellowwindow31,mellowwindow31@hackstack.io,2026-01-20 22:18:37
383,urbanengine25,urbanengine25@opswise.net,2025-04-03 08:26:04
384,clearvalley00,clearvalley00@opswise.net,2025-10-26 12:44:57
385,youngsignal00,youngsignal00@opswise.net,2024-07-12 23:03:38
386,rapidquartz68,rapidquartz68@seeded.app,2024-12-06 08:04:47
387,calmsignal07,calmsignal07@relay.cloud,2025-05-08 16:11:33
388,forestgarden15,forestgarden15@opswise.net,2025-07-08 01:00:25
389,mellowgarden16,mellowgarden16@acme.dev,2025-01-27 21:11:46
390,quietbeacon17,quietbeacon17@relay.cloud,2024-04-08 07:18:23
391,keenisland80,keenisland80@acme.dev,2024-05-21 17:06:30
392,urbananchor61,urbananchor61@hackstack.io,2025-02-08 22:02:15
393,younguplink64,younguplink64@seeded.app,2024-04-01 04:52:25
394,clearquartz67,clearquartz67@relay.cloud,2024-07-26 23:56:30
395,keensignal21,keensignal21@example.com,2024-04-12 19:11:27
396,jaderiver65,jaderiver65@seeded.app,2025-12-13 01:25:29
397,livelytrail98,livelytrail98@opswise.net,2024-12-19 13:43:40
398,briskjourney21,briskjourney21@seeded.app,2025-11-02 08:26:43
399,dawnwindow29,dawnwindow29@acme.dev,2025-10-08 11:09:25
400,vividvalley27,vividvalley27@opswise.net,2024-10-10 05:36:38
